SKU,Photo,Brand,Type,Model #,Dial,Product Description,Price,# of links / screw,Paper,Date,Serial #,Box,Status,More Photos,Notes,Column 2,Column 3,Column 4,Column 5,Column 6,Column 7,Column 8,Column 9,Column 10,Column 11,Column 12,Column 13,Column 14,Column 15,Column 16,Column 17,Column 18,Column 19,Column 20,Column 21
4625AEB,,AP,Preowned,15400or ,BLACK,AP RG BLACK,"$50,000.00",Rubber,With Card,,XX2086,With Box,In stock,more photos,,,,,,,,,,,,,,,,,,,,,
4153EB,,AP,Preowned,15500st ,BLACK,ROYAL OAK,"$37,500.00",Full Links,No Paper / Card,,XXXX19J,No Box Included / Box (additional $350),In stock,more photos,,,,,,,,,,,,,,,,,,,,,
8137U,,AP,Preowned,15707cb.oo.a010ca.01,WHITE,white ceramic diver on rubber ,"$43,500.00",Rubber,With Paper,20-Nov-2014,XXXX9508,With Box,In stock,more photos,,,,,,,,,,,,,,,,,,,,,
8691UE,,AP,Preowned,5402BA,CHAMPAGNE,ROYAL OAK CHAMPAGNE DIAL JUMBO ULTRA,"$68,500.00",6 screws,No Paper / Card,,XXXX757,No Box Included / Box (additional $350),Sold,more photos,retail ready and serviced  - original jumbo royal oak  ,,,,,,,,,,,,,,,,,,,,
4324EB,,AP,Preowned,,BLACK,ROYAL OAK OFFSHORE BLACK BLACK RUBBER,"$19,000.00",Rubber,No Paper / Card,,XXXX5541,No Box Included / Box (additional $350),In stock,more photos,,,,,,,,,,,,,,,,,,,,,
10923U,,AP,Preowned,26470OR.OO.1000OR.01,GOLD,ROYAL OAK OFFSHORE GOLD,"$55,000.00",,"With Paper, White Tag",18-Jul-2017,XXXX2936,With Box,In stock,more photos,"Complete set with box, book and white tag",,,,,,,,,,,,,,,,,,,,
9946U,,AP,Preowned,26470ST.OO.A101CR.01,BLACK/orange,ROYAL OAK OFFSHORE BLACK RED RUBBER,"$21,800.00",Rubber,With Paper,,XXXX505,With Box,In stock,more photos,- complete,,,,,,,,,,,,,,,,,,,,
10065,,Cartier,Unworn,WSSA0062,GREEN,SANTOS DE CARTIER WATCH GREEN LARGE SS / LEATHER STRAP,"$7,800.00",Full Links / Leather Strap,With Card,2026,XXXX28FY,With Box,In stock,watch and card,,,,,,,,,,,,,,,,,,,,,
10449,,Cartier,Unworn,WSSA0062,GREEN,SANTOS DE CARTIER WATCH GREEN LARGE SS / LEATHER STRAP,"$7,800.00",Full Links / Leather Strap,With Card,2026,XXXX836Y,With Box,In stock,watch and card,,,,,,,,,,,,,,,,,,,,,
10936,,Cartier,Unworn,WSSA0062,GREEN,SANTOS DE CARTIER WATCH GREEN LARGE SS / LEATHER STRAP,"$7,800.00",Full Links / Leather Strap,With Card,2026,XXXX848GY,With Box,In stock,watch and card,,,,,,,,,,,,,,,,,,,,,
9997U,,BLANCPAIN,Preowned,5015 12B40 98B,BLUE,FIFTY FATHOMS ,"$13,800.00",Links,With Card,,XXXX94,With Box,In stock,more photos,,,,,,,,,,,,,,,,,,,,,
9627U,,BREITLING,Preowned,A32395101C1A1,BLUE,AVENGER AUTOMATIC GMT 45,"$2,600.00",Links,With Card,,XXXX022,With Box,In stock,more photos,,,,,,,,,,,,,,,,,,,,,
9459U,,BREITLING,Preowned,A77310101A2A1,SILVER,CHRONOMAT 32 SS SILVER STICK,"$2,350.00",,With Card,,XXXX433,With Box,In stock,more photos,,,,,,,,,,,,,,,,,,,,,
9833,,Bulgari,Unworn,102781,,SERPENTI DIAMOND BEZEL 2 LEATHER STRAP (WHITE / RED),"$3,850.00",Leather,With Card,24-Feb-2026,XXXX6YP,With Box,In stock,more photos,brand new 2026 complete ,,,,,,,,,,,,,,,,,,,,
10544,,Bulgari,Unworn,102099,BLACK,RG SS TWO TONE  SERPENTI TUBOGAS WATCH 35MM BLCK OPALINE DIAL DBL SPIRAL DIA CASE,"$18,900.00",,With Card,28-May-2026,079XXXXX,With Box,In stock,watch and card,brand new 2026 complete ,,,,,,,,,,,,,,,,,,,,
10599,,Bulgari,Unworn,103002,SILVER,RG SERPENTI TUBOGAS SILVER DIAL 2 LOOP ,"$46,000.00",,With Card,,BU4XXXX,With Box,In stock,watch and card,new fresh ,,,,,,,,,,,,,,,,,,,,
11117,,Cartier,Unworn,W2SA0016,SILVER,"SANTOS DE
CARTIER MEDIUM SILVER DIAL YG
BZ SS YG / LEATHER STRA","$10,900.00",Full Links / Leather Strap,With Card,2026,XXXX69FY,With Box,In stock,watch and card,,,,,,,,,,,,,,,,,,,,,
10478,,Cartier,Unworn,W2SA0033,SILVER,SANTOS DE CARTIER SMALL SILVER SUNRAY DIAL YG BZ SS YG,"$10,000.00",Full Links,With Card,2026,XXXX03GY,With Box,In stock,watch and card,,,,,,,,,,,,,,,,,,,,,
10872,,Cartier,Unworn,W2SA0033,SILVER,SANTOS DE CARTIER SMALL SILVER SUNRAY DIAL YG BZ SS YG,"$10,000.00",Full Links,With Card,2026,XXXX47GY,With Box,In stock,watch and card,,,,,,,,,,,,,,,,,,,,,
10719,,Cartier,Unworn,W2SA0046,SILVER,SANTOS DUMONT SS YG WATCH LARGE GRAY LEATHER STRAP ,"$6,250.00",Leather Strap,With Card,2026,XXXX20FY,With Box,In stock,watch and card,,,,,,,,,,,,,,,,,,,,,
11060,,Cartier,Unworn,W2PN0018,SILVER,SS YG PANTHERE DE CARTIER SMALL,"$9,000.00",Full Links,With Card,2026,XXXX27GY,With Box,In stock,watch and card,,,,,,,,,,,,,,,,,,,,,
11045,,Cartier,Unworn,W2PN0018,SILVER,SS YG PANTHERE DE CARTIER SMALL,"$9,000.00",Full Links,With Card,2026,XXXX00GY,With Box,Sold,watch and card,,,,,,,,,,,,,,,,,,,,,
11075,,Cartier,Unworn,W2PN0019,SILVER,SS YG PANTHERE DE CARTIER MEDIUM,"$10,200.00",Full Links,With Card,2026,XXXX97GY,With Box,Sold,watch and card,,11043,,Cartier,Unworn,W2PN0019,SILVER,SS YG PANTHERE DE CARTIER MEDIUM,"$10,200.00",Full Links,With Card,2026,XXXX28GY,With Box,In stock,watch and card,,,,,
11076,,Cartier,Unworn,W2PN0019,SILVER,SS YG PANTHERE DE CARTIER MEDIUM,"$10,200.00",Full Links,With Card,2026,XXXX27GY,With Box,In stock,watch and card,,11043,,Cartier,Unworn,W2PN0019,SILVER,SS YG PANTHERE DE CARTIER MEDIUM,"$10,200.00",Full Links,With Card,2026,XXXX28GY,With Box,In stock,watch and card,,,,,
11077,,Cartier,Unworn,W2PN0019,SILVER,SS YG PANTHERE DE CARTIER MEDIUM,"$10,200.00",Full Links,With Card,2026,XXXX26GY,With Box,In stock,watch and card,,11043,,Cartier,Unworn,W2PN0019,SILVER,SS YG PANTHERE DE CARTIER MEDIUM,"$10,200.00",Full Links,With Card,2026,XXXX28GY,With Box,In stock,watch and card,,,,,
11078,,Cartier,Unworn,W2PN0019,SILVER,SS YG PANTHERE DE CARTIER MEDIUM,"$10,200.00",Full Links,With Card,2026,XXXX30GY,With Box,In stock,watch and card,,11043,,Cartier,Unworn,W2PN0019,SILVER,SS YG PANTHERE DE CARTIER MEDIUM,"$10,200.00",Full Links,With Card,2026,XXXX28GY,With Box,In stock,watch and card,,,,,
9000,,Cartier,Unworn,W4BB0023,SILVER,SS BALLON BLEU DE CARTIER WATCH 33 MM SILVER DIAL DIA BZ SS STRAP,"$10,900.00",Full Links,With Card,17-Jul-2026,XXXX56EY,With Box,In stock,,,,,,,,,,,,,,,,,,,,,,
10934,,Cartier,Unworn,WGBA0024,SILVER,18K BAIGNOIRE WATCH SM  DIAL ROMAN SIZE 15,"$19,800.00",Bangle,With Card,2026,XXXX25GY,With Box,Sold,watch and card,SIZE 15,,,,,,,,,,,,,,,,,,,,
10933,,Cartier,Unworn,WGBA0025,SILVER,18K BAIGNOIRE WATCH SM  DIAL ROMAN SIZE 16 ,"$19,800.00",Bangle,With Card,2026,XXXX57GY,With Box,In stock,watch and card,SIZE 16,,,,,,,,,,,,,,,,,,,,
9858,,Cartier,Unworn,WGBA0050,SILVER,BAIGNOIRE YG MINI BANGLE size 17 ,"$16,000.00",Full Links,With Card,2026,XXXX76FY,With Box,In stock,watch and card,,,,,,,,,,,,,,,,,,,,,
10511,,Cartier,Unworn,WGBA0075,SILVER,"BAIGNOIRE
YG MINI BLACK STRAP ","$8,150.00",Leather Strap,With Card,22-May-2026,XXXX74GY,With Box,In stock,watch and card,,,,,,,,,,,,,,,,,,,,,
10833,,Cartier,Unworn,WGBA0078,SILVER,"BAIGNOIRE
WATCH YG MINI BANGLE SIZE 16","$16,000.00",Bangle,With Card,30-Jun-2026,XXXX71GY,With Box,In stock,watch and card,SIZE 16,,,,,,,,,,,,,,,,,,,,
9046C,,Cartier,Unworn,WGPB0003,SILVER,PEBBLE-SHAPED WATCH YG LEATHER STRAP,"$150,000.00",Leather Strap,With Paper,25-Jan-2023,XXXX7150,With Box,Sold,more photos,- new old stock,,,,,,,,,,,,,,,,,,,,
10384,,Cartier,Unworn,WGPN0058,WHITE,PANTHERE DE CARTIER YG MEDIUM ,"$27,500.00",Full Links,With Card,7-May-2026,XXXX60GY,With Box,In stock,watch and card,,,,,,,,,,,,,,,,,,,,,
10012,,Cartier,Unworn,WGTA0010,WHITE,TANK LOUIS ROSE GOLD SMALL BROWN  ALLIGATOR STRAP,"$12,000.00",Leather Strap,With Card,2026,XXXX21GY,With Box,In stock,,,,,,,,,,,,,,,,,,,,,,
10582,,Cartier,Unworn,WGTA0010,WHITE,TANK LOUIS ROSE GOLD SMALL BROWN  ALLIGATOR STRAP,"$12,100.00",Leather Strap,With Card,1-Jun-2026,XXXX04GY,With Box,Sold,watch and card,,,,,,,,,,,,,,,,,,,,,
10991,,Cartier,Unworn,WGTA0342,WHITE,"18K YG TANK
LOUIS SMALL","$12,000.00",Leather Strap,With Card,21-Jul-2026,XXXX04GY,With Box,Sold,watch and card,,,,,,,,,,,,,,,,,,,,,
10992,,Cartier,Unworn,WGTA0342,WHITE,"18K YG TANK
LOUIS SMALL","$12,000.00",Leather Strap,With Card,21-Jul-2026,XXXX44GY,With Box,In stock,watch and card,,,,,,,,,,,,,,,,,,,,,
11196,,Cartier,Unworn,WGTA0342,WHITE,"18K YG TANK
LOUIS SMALL","$12,000.00",Leather Strap,With Card,,XXX144GY,With Box,In stock,watch and card,,,,,,,,,,,,,,,,,,,,,
11053,,Cartier,Unworn,WGTA0352,GRAINED SILVER,"18K YG TANK
LOUIS MINI ON BLACK ALLIGATOR
STRAP","$8,150.00",Leather Strap,With Card,2026,XXXX95GY,With Box,In stock,watch and card,,,,,,,,,,,,,,,,,,,,,
10301,,Cartier,Unworn,WGTA0344,GOLDEN SUNRAY,TANK FRANCAISE YG SMALL GOLDEN SUNRAY ,"$23,900.00",Full Links,With card,2026,XXXX68GY,With Box,In stock,watch and card,,,,,,,,,,,,,,,,,,,,,
10779,,Cartier,Unworn,WJPN0088,WHITE,RG PANTHERE DE CARTIER DIAMOND BZ MEDIUM ,"$33,000.00",Full Links,With Card,19-May-2026,XXXX62FY,With Box,In stock,watch and card,,,,,,,,,,,,,,,,,,,,,
9885,,Cartier,Unworn,WJPN0059,WHITE,YG PANTHERE DE CARTIER DIAMOND BZ YG DIA STRAP SMALL,"$44,625.00",Full Links,With Card,2026,XXXX97FY,With Box,In stock,more photos,,,,,,,,,,,,,,,,,,,,,
9788,,Cartier,Unworn,WJPN0060,WHITE,YG PANTHERE DE CARTIER DIAMOND BZ YG DIA STRAP MEDIUM,"$56,500.00",Full Links,With Card,27-Feb-2026,XXXX64FY,With Box,In stock,more photos,,,,,,,,,,,,,,,,,,,,,
11051,,Cartier,Unworn,WSPN0012,SILVER,"PANTHERE
SS SIZE MINI SILVER DIAL ON
BRACELET","$3,950.00",Full Links,With Card,2026,XXXX90GY,With Box,Sold,watch and card,,,,,,,,,,,,,,,,,,,,,
11148,,Cartier,Unworn,WSPN0012,SILVER,"PANTHERE
SS SIZE MINI SILVER DIAL ON
BRACELET","$3,950.00",Full Links,With Card,2026,XXXX97GY,With Box,In stock,watch and card,,,,,,,,,,,,,,,,,,,,,
11165,,Cartier,Unworn,WSPN0012,SILVER,"PANTHERE
SS SIZE MINI SILVER DIAL ON
BRACELET","$3,950.00",Full Links,With Card,11-Aug-2026,XXXX22GY,With Box,In stock,watch and card,,,,,,,,,,,,,,,,,,,,,
11038,,Cartier,Unworn,WSPN0013,SILVER,PANTHERE SS SMALL SILVER DIAL ON BRACELET,"$4,700.00",Full Links,With Card,,XXXX86FY,With Box,Sold,watch and card,,,,,,,,,,,,,,,,,,,,,
11063,,Cartier,Unworn,WSPN0013,SILVER,PANTHERE SS SMALL SILVER DIAL ON BRACELET,"$4,700.00",Full Links,With Card,2026,XXXX47GY,With Box,Sold,watch and card, ,,,,,,,,,,,,,,,,,,,,
10642,,Cartier,Unworn,WSPN0015,WHITE,PANTHÈRE DE CARTIER WATCH SS MEDIUM,"$5,450.00",Full Links,No Paper / Card,2026,XXXX07FY,With Box,In stock,watch,,,,,,,,,,,,,,,,,,,,,
11130,,Cartier,Unworn,WSPN0015,WHITE,PANTHÈRE DE CARTIER WATCH SS MEDIUM,"$5,450.00",Full Links,With Card,2026,XXXX10GY,With Box,Sold,watch and card,,,,,,,,,,,,,,,,,,,,,
11163,,Cartier,Unworn,WSPN0015,WHITE,PANTHÈRE DE CARTIER WATCH SS MEDIUM,"$5,450.00",Full Links,With Card,4-Aug-2026,XXXX20GY,With Box,In stock,watch and card,,,,,,,,,,,,,,,,,,,,,
11164,,Cartier,Unworn,WSPN0015,WHITE,PANTHÈRE DE CARTIER WATCH SS MEDIUM,"$5,450.00",Full Links,With Card,23-Jul-2026,XXXX83GY,With Box,In stock,watch and card,,,,,,,,,,,,,,,,,,,,,
11040,,Cartier,Unworn,WSPN0016,WHITE,PANTHÈRE DE CARTIER WATCH SS LARGE,"$5,900.00",Full Links,With Card,2026,XXXX63GY,With Box,Sold,,,,,,,,,,,,,,,,,,,,,,
11114,,Cartier,Unworn,WSPN0016,WHITE,PANTHÈRE DE CARTIER WATCH SS LARGE,"$6,950.00",Full Links,With Card,2026,XXXX61GY,With Box,In stock,watch and card,,,,,,,,,,,,,,,,,,,,,
10640,,Cartier,Unworn,WSRD0020,WHITE,ROADSTER STEEL LARGE WITH BLUE LEATHER STRAP ,"$8,800.00",Steel / Leather Strap,With Card,1-Jun-2026,XXXX06GY,With Box,In stock,watch and card,,,,,,,,,,,,,,,,,,,,,
11064,,Cartier,Unworn,WSSA0018,WHITE,"SANTOS DE
CARTIER SS LARGE STEEL WITH 2ND
TAN LEATHER STRAP","$8,200.00",Steel / Leather Strap,With Card,2026,XXXX24GY,With Box,In stock,watch and card,,,,,,,,,,,,,,,,,,,,,
10995,,Cartier,Unworn,WSSA0029,WHITE,SANTOS DE CARTIER WATCH WHITE MEDIUM,,Steel / Leather Strap,With Card,,XXXX04GY,With Box,Sold,watch and card,,,,,,,,,,,,,,,,,,,,,
11061,,Cartier,Unworn,WSSA0029,WHITE,SANTOS DE CARTIER WATCH WHITE MEDIUM,"$7,500.00",Steel / Leather Strap,With Card,2026,XXXX13GY,With Box,11046,watch and card,,,,,,,,,,,,,,,,,,,,,
11129,,Cartier,Unworn,WSSA0029,WHITE,SANTOS DE CARTIER WATCH WHITE MEDIUM,"$7,500.00",Steel / Leather Strap,With Card,2026,XXXX91GY,With Box,Sold,watch and card,,,,,,,,,,,,,,,,,,,,,
11195,,Cartier,Unworn,WSSA0029,WHITE,SANTOS DE CARTIER WATCH WHITE MEDIUM,"$7,500.00",Steel / Leather Strap,With Card,2026,XXXX87GY,With Box,In stock,watch and card,,,,,,,,,,,,,,,,,,,,,
9739,,Cartier,Unworn,WSSA0032,WHITE,SANTOS DUMONT SS XL BLACK STRAP,"$6,500.00",Leather Strap,With Card,2026,XXXX58FY,With Box,In stock,,,,,,,,,,,,,,,,,,,,,,
10249,,Cartier,Unworn,WSSA0032,WHITE,SANTOS DUMONT SS XL BLACK STRAP,"$6,600.00",Leather Strap,With Card,2026,XXXX69FY,With Box,In stock,watch and card,,,,,,,,,,,,,,,,,,,,,
10996,,Cartier,Unworn,WSSA0039,BLACK,"SANTOS DE CARTIER LARGE BLACK, BLACK STEEL BEZEL RUBBER STRAP and ALLIGATOR STRAP","$8,500.00",Rubber / Leather,With Card,2026,XXXX89GY,With Box,In stock,watch and card,,,,,,,,,,,,,,,,,,,,,
11041,,Cartier,Unworn,WSSA0039,BLACK,"SANTOS DE CARTIER LARGE BLACK, BLACK STEEL BEZEL RUBBER STRAP and ALLIGATOR STRAP","$8,500.00",Rubber / Leather,With Card,2026,XXXX24GY,With Box,In stock,watch and card,,,,,,,,,,,,,,,,,,,,,
11115,,Cartier,Unworn,WSSA0039,BLACK,"SANTOS DE CARTIER LARGE BLACK, BLACK STEEL BEZEL RUBBER STRAP and ALLIGATOR STRAP","$8,500.00",Rubber / Leather,With Card,2026,XXXX18GY,With Box,In stock,watch and card,,,,,,,,,,,,,,,,,,,,,
11126,,Cartier,Unworn,WSSA0039,BLACK,"SANTOS DE CARTIER LARGE BLACK, BLACK STEEL BEZEL RUBBER STRAP and ALLIGATOR STRAP","$8,500.00",Rubber / Leather,With Card,2026,XXXX77GY,With Box,In stock,watch and card,,,,,,,,,,,,,,,,,,,,,
10246,,Cartier,Unworn,WSSA0046,BLACK,SANTOS - DUMONT SS BLACK LACQUER BZ LARGE LEATHER STRAP,"$7,900.00",Leather Strap,With Card,1-Feb-2026,XXXX14FY,With Box,In stock,watch and card,,,,,,,,,,,,,,,,,,,,,
10577,,Cartier,Unworn,WSSA0046,BLACK,SANTOS - DUMONT SS BLACK LACQUER BZ LARGE LEATHER STRAP,"$8,000.00",Leather Strap,With Card,1-Jun-2026,XXXX46FY,With Box,In stock,watch and card,,,,,,,,,,,,,,,,,,,,,
11113,,Cartier,Unworn,WSSA0061,GREEN,SANTOS DE CARTIER WATCH GREEN MEDIUM SS / LEATHER STRAP,"$7,150.00",Full Links / Leather Strap,With Card,2026,XXXX52GY,With Box,Sold,watch and card,,,,,,,,,,,,,,,,,,,,,
11127,,Cartier,Unworn,WSSA0061,GREEN,SANTOS DE CARTIER WATCH GREEN MEDIUM SS / LEATHER STRAP,"$7,150.00",Full Links / Leather Strap,With Card,2026,XXXX47FY,With Box,In stock,watch and card,,,,,,,,,,,,,,,,,,,,,
10398,,Cartier,Unworn,WSSA0071,BLUE,SANTOS DE CARTIER WATCH BLUE LARGE SS / LEATHER STRAP,"$7,800.00",Full Links,With Card,2026,XXXX55GY,With Box,Sold,watch and card,,,,,,,,,,,,,,,,,,,,,
10836,,Cartier,Unworn,WSSA0071,BLUE,SANTOS DE CARTIER WATCH BLUE LARGE SS / LEATHER STRAP,"$7,800.00",Full Links,With Card,2026,XXXX72FY,With Box,In stock,watch and card,,,,,,,,,,,,,,,,,,,,,
8870,,Cartier,Unworn,WSSA0076,GRAY,SANTOS DE CARTIER DUAL WATCH GRAY LARGE SS / LEATHER STRAP,"$9,500.00",Full Links,With Card,2025,XXXX65EY,With Box,In stock,watch and card,,,,,,,,,,,,,,,,,,,,,
11065,,Cartier,Unworn,WSSA0082,SILVER,SANTOS SS SMALL,"$5,900.00",Full Links,With Card,2025,XXXX95GY,With Box,Sold,watch and card,,,,,,,,,,,,,,,,,,,,,
10393,,Cartier,Unworn,WSSA0085,SILVER,"SANTOS
DUMONT SS LARGE BLUE LEATHER
STRAP",,Full Links,With Card,2026,XXXX39FY,With Box,Sold,,,,,,,,,,,,,,,,,,,,,,
11112,,Cartier,Unworn,WSSA0085,SILVER,"SANTOS
DUMONT SS LARGE BLUE LEATHER
STRAP","$4,600.00",Full Links,With Card,2026,XXXX88GY,With Box,Sold,watch and card,,,,,,,,,,,,,,,,,,,,,
11128,,Cartier,Unworn,WSSA0085,SILVER,"SANTOS
DUMONT SS LARGE BLUE LEATHER
STRAP","$4,600.00",Full Links,With Card,2026,XXXX81FY,With Box,Sold,watch and card,,,,,,,,,,,,,,,,,,,,,
10871,,Cartier,Unworn,WSSA0086,SILVER,SANTOS CARTIER SS SMALL BLUE LEATHER STRAP,"$4,250.00",Leather Strap,With Card,2026,XXXX68FY,With Box,In stock,watch and card,,,,,,,,,,,,,,,,,,,,,
10664,,Cartier,Unworn,WSSA0089,SILVER,SANTOS DE CARTIER TITANIUM LARGE,"$10,000.00",Leather / Titanium Strap,With Card,2026,XXXX12FY,With Box,In stock,watch and card,,,,,,,,,,,,,,,,,,,,,
10686,,Cartier,Unworn,WSSA0089,SILVER,SANTOS DE CARTIER TITANIUM LARGE,"$10,000.00",Leather / Titanium Strap,With Card,2026,XXXX54GY,With Box,In stock,watch and card,,,,,,,,,,,,,,,,,,,,,
10080,,Cartier,Unworn,WSSA0096,BLACK,"SANTOS DE CARTIER LARGE BLACK, ADLC BEZEL SMARTLINK AND LEATHER STRAP","$7,800.00",Leather / Titanium Strap,With Card,30-Mar-2026,XXXX20FY,With Box,Sold,watch and card,,,,,,,,,,,,,,,,,,,,,
10299,,Cartier,Unworn,WSSA0096,BLACK,"SANTOS DE CARTIER LARGE BLACK, ADLC BEZEL SMARTLINK AND LEATHER STRAP","$7,800.00",Leather / Titanium Strap,With Card,,XXXX49FY,With Box,In stock,watch and card,,,,,,,,,,,,,,,,,,,,,
10450,,Cartier,Unworn,WSSA0096,BLACK,"SANTOS DE CARTIER LARGE BLACK, ADLC BEZEL SMARTLINK AND LEATHER STRAP","$7,800.00",Leather / Titanium Strap,With Card,2026,XXXX87GY,With Box,In stock,watch and card,,,,,,,,,,,,,,,,,,,,,
9976,,Cartier,Unworn,WSTA0053,SILVER,TANK MUST WATCH EXTRA LARGE SS BRACELET,"$5,000.00",Full Links,With Card,2026,XXXX23FY,With Box,In stock,watch and card,,,,,,,,,,,,,,,,,,,,,
11037,,Cartier,Unworn,WSTA0106,WHITE,TANK MUST WATCH LARGE SS STRAP,"$3,900.00",Full Links,With Card,2026,XXXX45GY,With Box,In stock,watch and card,,,,,,,,,,,,,,,,,,,,,
11050,,Cartier,Unworn,WSTA0107,WHITE,TANK MUST WATCH SMALL SS STRAP,"$3,650.00",Full Links,With Card,2026,XXXX85GY,With Box,Sold,watch and card,,,,,,,,,,,,,,,,,,,,,
11146,,Cartier,Unworn,WSTA0121,WHITE,TANK MUST WATCH SOLARBEAT WATCH SS STRAP SMALL,"$3,600.00",Full Links,With Card,2026,XXXX09GY,With Box,Sold,watch and card,,,,,,,,,,,,,,,,,,,,,
11147,,Cartier,Unworn,WSTA0122,WHITE,TANK MUST WATCH SOLARBEAT WATCH SS STRAP LARGE,"$3,850.00",Full Links,With Card,1-Aug-2026,XXXX63GY,With Box,In stock,watch and card,,,,,,,,,,,,,,,,,,,,,
11194,,Cartier,Unworn,WSTA0129,WHITE,"SS TANK
FRANCAISE SMALL SS STRAP","$3,800.00",Full Links,With Card,,XXXX49GY,With Box,In stock,watch and card,,,,,,,,,,,,,,,,,,,,,
10942,,Cartier,Unworn,WSTA0135,WHITE,TANK MUST WATCH SMALL LEATHER STRAP,"$3,250.00",Leather Strap,With Card,2026,XXXX75GY,With Box,Sold,watch and card,,,,,,,,,,,,,,,,,,,,,
11145,,Cartier,Unworn,WSTA0136,WHITE,TANK MUST WATCH LARGE LEATHER STRAP,"$3,450.00",Leather Strap,With Card,2026,XXXX79GY,With Box,Sold,watch and card,,,,,,,,,,,,,,,,,,,,,
11193,,Cartier,Unworn,WSTA0137,WHITE,"TANK MUST
WATCH SOLARBEAT SMALL
LEATHER STRAP","$3,250.00",Leather Strap,With Card,2026,XXXX56GY,With Box,In stock,watch and card,,,,,,,,,,,,,,,,,,,,,
11110,,Cartier,Unworn,WSTA0138,WHITE,"TANK MUST
WATCH SOLARBEAT LARGE
LEATHER STRAP","$3,450.00",Leather Strap,With Card,2026,XXXX19GY,With Box,Sold,watch and card,,,,,,,,,,,,,,,,,,,,,
11052,,Cartier,Unworn,WSTA0141,WHITE,TANK MUST WATCH XL LEATHER STRAP,"$5,000.00",Leather Strap,With Card,2026,XXXX40GY,With Box,Sold,watch and card,,,,,,,,,,,,,,,,,,,,,
3419,,Cartier,Unworn,,,LOVE BRACELET RG SIZE 15,"$6,800.00",Full Links,With Card,,,With Box,In stock,more photos,,,,,,,,,,,,,,,,,,,,,
10963U,,Cartier,Preowned,8057915,SILVER,"
PANTHÈRE DE
CARTIER18K SMALL DIAMOND
BEZEL YG BRACELET","$17,000.00",Links,No Paper / Card,,XXX04,No Box Included / Box (additional $350),In stock,more photos,factory diamond bezel ,,,,,,,,,,,,,,,,,,,,
9604U,,Cartier,Preowned,887901,SILVER,SANTOS GALBEE YG SMALL,"$17,500.00",7screws,No Paper / Card,,870xxxxx,No Box Included / Box (additional $350),In stock,more photos,retail ready ,,,,,,,,,,,,,,,,,,,,
9923UE,,Cartier,Preowned,W20027K1 ,WHITE,SANTOS RONDE SS 30MM,"$2,500.00",8 screws,No Paper / Card,,XXXX2086,No Box Included / Box (additional $350),In stock,more photos,- RETAIL READY,,,,,,,,,,,,,,,,,,,,
10845UE,,Cartier,Preowned,W25022B9,WHITE,LADIES CARTIER PANTHERE 18K YG 22MM WHITE DIAL SMALL,"$15,800.00",14 Links,No Paper / Card,,XXXX1371,No Box Included / Box (additional $350),In stock,more photos,,,,,,,,,,,,,,,,,,,,,
10494U,,Cartier,Preowned,W2BB0039,SILVER,"BALLON
BLEU 42MM SS YG SILVER DIAL","$7,800.00",,No Paper / Card,,XXXX99DY,No Box Included / Box (additional $350),In stock,more photos,,,,,,,,,,,,,,,,,,,,,
11209U,,Cartier,Preowned,W62016V3,SILVER,ROADSTER 38MM SILVER ROMAN ,"$4,750.00",,With Paper,,XXXX03CD,With Box,In stock,more photos,very mint - complete - comes with 4 easy change straps ,,,,,,,,,,,,,,,,,,,,
111205U,,Cartier,Preowned,W650018H,SILVER,"TANKISSIME
QUARTZ SMALL YG SILVER ROMAN
DIAL","$15,000.00",,No Paper / Card,,XXXXX542C,No Box Included / Box (additional $350),In stock,more photos,,,,,,,,,,,,,,,,,,,,,
9881UE,,Cartier,Preowned,W69004Z2,SILVER,RG BALLON BLEU DE CARTIER WATCH 36 MM,"$19,500.00",,No Paper / Card,,XXXX59NX,No Box Included / Box (additional $350),In stock,more photos,,,,,,,,,,,,,,,,,,,,,
9799U,,Cartier,Preowned,WE9005Z3,SILVER,RG BALLON BLEU DE CARTIER WATCH 36 MM DIAMOND DOUBLE LAYER BZ,"$24,500.00",,With Card,,XXXX40SX,No Box Included / Box (additional $350),In stock,more photos,,,,,,,,,,,,,,,,,,,,,
11184UE,,Cartier,Preowned,WF3001B9,OFFWHITE ,YG PANTHERE DE CARTIER DIAMOND BZ MINI,"$17,000.00",Links,With Paper,,XXXX4597,With Box,In stock,more photos,,,,,,,,,,,,,,,,,,,,,
11013U,,Cartier,Preowned,WSSA0055,GREEN ARABIC,"SANTOS DE CARTIER WATCH GREEN ARABIC DIAL RUBBER, SS BRACELET AND LEATHER BRACELET","$13,500.00",Rubber Strap,With Card,13-Jun-2023,XXXX74DY,No Box Included / Box (additional $350),In stock,more photos,comes with extra steel bracelet ,,,,,,,,,,,,,,,,,,,,
9717U,,Chopard,Preowned,168619-4001,BLUE,MILLE MIGLIA CLASSIC CHRONOGRAPH,"$7,000.00",Leather Strap,No Paper / Card,,861XXXX,With Box,In stock,more photos,,,,,,,,,,,,,,,,,,,,,
6346U,,GIRARD PERREGAUX,Preowned,,WHITE,GIRARD PERREGAUX,"$6,750.00",14 links / 6 screws,With Card,29-Jan-2023,21XXXX,With Box,In stock,more photos,retail ready - lost card ,,,,,,,,,,,,,,,,,,,,
5137,,Hublot,Unworn,511.OX.8980.LR,GREEN,HUBLOT CLASSIC FUSION AUTOMATIC 45MM MENS WATCH,"$14,500.00",Rubber Strap,With Card,,112XXXX,With Box,In stock,more photos,new old stock ,,,,,,,,,,,,,,,,,,,,
8857UE,,Hublot,Preowned,641.OX.0183.LR ,,SPIRIT OF BIG BANG CHRONO KING GOLD,"$18,500.00",Leather Strap,No Paper / Card,1-Jul-2020,143XXXX,No Box Included / Box (additional $350),In stock,more photos,E-warranty link,,,,,,,,,,,,,,,,,,,,
10683U,,Hublot,Preowned,665.CX.1170.LR.1204,BLACK ,"- BIG
BANG 39MM BLACK DIA BEZEL
BLACK LEATHER STRAP","$8,500.00",Leather Strap,With Card,16-May-2020,141XXX,No Box Included / Box (additional $350),In stock,more photos,,,,,,,,,,,,,,,,,,,,,
7039AU,,IWC,Preowned,IW388108,BLACK,PILOTS WATCH CHRONOGRAPH,"$6,500.00",Canvas,With Card,,635XXXX,With Box,In stock,more photos,AMG special edition ,,,,,,,,,,,,,,,,,,,,
8462U,,IWC,Preowned,IW503801,BLACK,BIG PILOT WATCH CHRONOGRAPH LEATHER STRAP,"$13,500.00",Leather Strap,With Card,26-Jun-2016,602XXXX,With Box,In Service,,,,,,,,,,,,,,,,,,,,,,
Available,,IWC,Preowned,iw503605,BLUE,BIG PILOTS WATCH PERPETUAL CALENDAR LEATHER STRAP,"$16,900.00",Leather Strap,"With Card, With Service Paper",21-Oct-2023,643XXXX,With Box,Sold,more photos,,,,,,,,,,,,,,,,,,,,,
10667U,,JAEGER LE COULTRE,Preowned,Q2712470,BLACK,REVERSO CLASSIC DUO MANUAL WHITE/BLACK DIAL BLACK STRAP,"$12,500.00",Leather Strap,No Paper / Card,,211XXX,With Box,In stock,more photos,,,,,,,,,,,,,,,,,,,,,
11057,,Omega,Unworn,2103042201001,GREEN,"SS
SEAMASTER 300M 42MM
GREENWAVE DIAL AND GREEN
BEZEL ON BRACELET","$5,225.00",Full Links,With Card,29-Jul-2026,XXXX520,With Box,In stock,watch and card,,,,,,,,,,,,,,,,,,,,,
11058,,Omega,Unworn,2103042201001,BLACK,"SS
SEAMASTER 300M 42MM
BLACKWAVE DIAL AND BLACK
BEZEL ON BRACELET","$5,225.00",Full Links,With Card,29-Jul-2026,XXXX381,With Box,Sold,watch and card,,,,,,,,,,,,,,,,,,,,,
Available to order - ETA 1 day,,Omega,Unworn,21030422003001,BLUE,SEAMASTER DIVER 300M BLUE SS,"$5,100.00",Full Links,With Card,2026,,With Box,In stock,,,,,,,,,,,,,,,,,,,,,,
8708,,Omega,Unworn,21030422003002,BLUE,"SEAMASTER DIVER 300M 44 MM, STEEL ON STEEL ""JAMES BOND 007""","$7,800.00",Full Links,With Card,2025,A55XXXX,With Box,In stock,watch and card,,,,,,,,,,,,,,,,,,,,,
Available to order - ETA 1 day,,Omega,Unworn,21030422001001,BLACK,"SEAMASTER DIVER BLACK WAVE, STEEL ON STEEL","$5,100.00",Full Links,With Card,2026,,With Box,In stock,,,,,,,,,,,,,,,,,,,,,,
11021,,Omega,Unworn,21030422001010,BLACK ,SEAMASTER DIVER 42MM SS BLACK DIAL BLACK BEZEL MESH BRACELET,"$5,700.00",Mesh,With Card,22-Jul-2026,A82XXXX,With Box,In stock,watch and card,,,,,,,,,,,,,,,,,,,,,
Available to order - ETA 1 day,,Omega,Unworn,21030422004001,WHITE,"SEAMASTER DIVER 300M 42MM, STEEL ON STEEL","$5,100.00",Full Links,With Card,2026,,With Box,In stock,,,,,,,,,,,,,,,,,,,,,,
Available to order - ETA 1 day,,Omega,Unworn,21030422010001,GREEN,SEAMASTER DIVER - GREEN WAVE - STEEL ON STEEL,"$5,100.00",Full Links,With Card,2026,,With Box,In stock,,,,,,,,,,,,,,,,,,,,,,
11059,,Omega,Unworn,21090422001001,BROWN,SEAMASTER DIVER 007 EDITION BROWN MESH,"$8,814.00",Mesh,With Card,29-Jul-2026,XXXX553,With Box,In stock,watch and card,,,,,,,,,,,,,,,,,,,,,
11055,,Omega,Unworn,22032382003001,TURQUOISE,SEAMASTER AQUA TERRA 38mm TURQUOISE DIAL BLACK BEZEL RUBBER STRAP,"$6,200.00",Rubber Strap,With Card,29-Jul-2026,XXXX544,With Box,In stock,watch and card,,,,,,,,,,,,,,,,,,,,,
11056,,Omega,Unworn,22032412103001,TURQUOISE,"SEAMASTER AQUA TERRA 150M, 41MM TURQUOISE DIALRUBBER STRAP ","$6,200.00",Rubber Strap,With Card,29-Jul-2026,XXXX999,With Box,In stock,watch and card,,,,,,,,,,,,,,,,,,,,,
10797,,Omega,Unworn,31030405006001,BLACK,"SPEEDMASTER THE FIRST OMEGA IN
SPACE","$7,200.00",Full Links,With Card,1-Jun-2026,XXXX661,With Box,Sold,watch and card,,,,,,,,,,,,,,,,,,,,,
8394,,Omega,Unworn,31030405006002,BLACK,"SPEEDMASTER
FIRST OMEGA IN SPACE
39.7 MM, STEEL STRAP","$6,900.00",Full Links,With Card,,882XXXX,With Box,In stock,watch and card,,,,,,,,,,,,,,,,,,,,,
11046,,Omega,Unworn,310.32.42.50.01.001,BLACK,"SPEEDMASTER MOONWATCH 42MM , HESALITE, BLACK LEATHER STRAP","$5,775.00",Leather Strap,With Card,22-Jul-2026,XXXX024,With Box,Sold,watch and card,,,,,,,,,,,,,,,,,,,,,
7571,,Omega,Unworn,31030425001002,BLACK,"SPEEDMASTER
MOONWATCH PROFESSIONAL
42 MM, STEEL ON STEEL","$7,000.00",Full Links,With Card,,882XXXX,With Box,In stock,more photos,,,,,,,,,,,,,,,,,,,,,
11085,,Omega,Unworn,31030425001002,BLACK,"SPEEDMASTER
MOONWATCH PROFESSIONAL
SAPPHIRE BLACK STEEL","$7,000.00",Full Links,With Card,1-Jun-2026,XXXX729,With Box,11058,watch and card,,,,,,,,,,,,,,,,,,,,,
11155,,Omega,Unworn,31030425001002,BLACK,"SPEEDMASTER
MOONWATCH PROFESSIONAL
SAPPHIRE BLACK STEEL","$7,000.00",Full Links,With Card,1-Aug-2026,XXXX963,With Box,Sold,watch and card,,,,,,,,,,,,,,,,,,,,,
11156,,Omega,Unworn,31030425001002,BLACK,"SPEEDMASTER
MOONWATCH PROFESSIONAL
SAPPHIRE BLACK STEEL","$7,000.00",Full Links,With Card,1-Aug-2026,XXXX095,With Box,In stock,watch and card,,,,,,,,,,,,,,,,,,,,,
10684,,Omega,Unworn,31030425004001,WHITE,"SPEEDMASTER MOONWATCH PROFESSIONAL 42 MM (WHITE), STEEL ON STEEL","$7,600.00",Full Links,"With Card, No Paper / Card",,A90XXXX,With Box,In stock,watch,card incoming ,,,,,,,,,,,,,,,,,,,,
Available,,Omega,Unworn,31032425001001,BLACK,SPEEDMASTER MOONWATCH SAPPHIRE BLACK FABRIC STRAP,"$5,624.00",Full Links,With Card,,XXXX670,With Box,In stock,watch and card,,,,,,,,,,,,,,,,,,,,,
11123,,Omega,Unworn,31030425001004,BLACK,"
SPEEDMASTER PROF MOON
WATCH SS 42MM","$8,800.00",Full Links,With Card,1-Aug-2026,XXXX286,With Box,In stock,watch and card,,,,,,,,,,,,,,,,,,,,,
11124,,Omega,Unworn,31092445006002,GREY,"DARK SIDE OF THE MOON GREY, GREY CERAMIC ON RUBBER STRAP","$14,700.00",Rubber Strap,With Card,1-Aug-2026,XXXX669,With Box,In stock,watch and card,,,,,,,,,,,,,,,,,,,,,
10410U,,Omega,Preowned,38205326,BLACK,"SPEEDMASTER TACHYMETER 39MM, STEEL ON LEATHER STRAP","$4,500.00",Leather Strap,With Card,,555XXXX,No Box Included / Box (additional $350),In Service,,,,,,,,,,,,,,,,,,,,,,
11157U,,Patek Philippe,Preowned,4960A,BLACK,28MM NAUTILUS AQUANAUT BLACK EMBOSSED DIAL RUBBER,"$24,000.00",Rubber Strap,No Paper / Card,,153XXXX,No Box Included / Box (additional $350),In stock,more photos,,,,,,,,,,,,,,,,,,,,,
11217U,,Patek Philippe,Preowned,5980/1AR,BLUE,40MM ROSEGOLD AND STEEL BLUE DIAL NAUTILUS ,,Links,With Paper,17-Aug-2018,715XXXX,No Box Included / Box (additional $350),In stock,,with extra link,,,,,,,,,,,,,,,,,,,,
10371U,,Rolex,Preowned,1503,CHAMPAGNE STICK,DATEJUST 36MM CHAMPAGNE STICK (HEAD ONLY) ,"$5,800.00",HEAD ONLY,No Paper / Card,,560XXXX,No Box Included / Box (additional $350),In stock,photo,HEAD ONLY / serviced ,,,,,,,,,,,,,,,,,,,,
11144,,Rolex,Unworn,124273,BLACK,"EXPLORER OYSTER
36MM SS & YG BLACK DIAL OYSTER ","$13,500.00",Full Links,With Card,14-Aug-2026,182XXXXX,With Box,In stock,watch and card,with Rolex sticker,,,,,,,,,,,,,,,,,,,,
10369,,Rolex,Unworn,124060,BLACK,SUBMARINER SS NO DATE BLACK,"$13,700.00",Full Links,"With Card, White Tag",26-Apr-2026,767XXXXX,With Box,Sold,watch and card,card and white tag,,,,,,,,,,,,,,,,,,,,
8821,,Rolex,Unworn,126200,GREEN STICK ,DATEJUST SS GREEN STICK JUBILEE,"$11,000.00",Full Links,"With Card, White Tag",18-Sep-2025,6V6XXXX,With Box,In stock,watch and card,- card and white tag,,,,,,,,,,,,,,,,,,,,
11018,,Rolex,Unworn,126231,MOP DIAMOND,DATEJUST I SS RG MOP DIAMOND RG BEZEL JUBILEE,"$21,400.00",Full Links,With Card,7-Jun-2026,T50XXXXX,With Box,On Hold,watch and card,,,,,,,,,,,,,,,,,,,,,
8449E,,Rolex,Unworn,126233,CHAMPAGNE STICK,DATEJUST SS YG CHAMPAGNE STICK OYSTER,"$13,700.00",Full Links,"With Card, White Tag",5-Aug-2020,97CXXXX,With Box,In stock,watch and card,"- NEW OLD STOCK with stickers - slider 
- card and white tag",,,,,,,,,,,,,,,,,,,,
10322,,Rolex,Unworn,126233,WHITE ROMAN,DATEJUST SS YG WHITE ROMAN JUBILEE,"$17,400.00",Full Links,With Card,11-Apr-2026,2L3XXXX,With Box,In stock,watch and card,,,,,,,,,,,,,,,,,,,,,
10736,,Rolex,Unworn,126233,WHITE ROMAN,DATEJUST I SS YG WHITE ROMAN DIAL YG BEZEL OYSTER ,"$15,900.00",Full Links,With Card,6-Jun-2026,6J9XXXX,With Box,In stock,watch and card,,,,,,,,,,,,,,,,,,,,,
11216,,Rolex,Unworn,126234,MOP DIAMOND,DATEJUST I SS YG MOP DIAMOND JUBILEE,,Full Links,With Card,20-Aug-2026,929XXXX,With Box,In stock,watch and card,,,,,,,,,,,,,,,,,,,,,
9708,,Rolex,Unworn,126234,MOTHER OF PEARL DIAMOND,DATEJUST SS WG MOTHER OF PEARL DIAMOND JUBILEE,"$16,500.00",Full Links,With Card,6-Jun-2026,6J9XXXX,With Box,In stock,watch and card,,,,,,,,,,,,,,,,,,,,,
9426,,Rolex,Unworn,126234,BLACK STICK,DATEJUST SS WG BZ BLACK STICK JUBILEE,"$13,500.00",Full Links,With Card,27-Dec-2025,U71XXXX,With Box,In stock,watch and card,,,,,,,,,,,,,,,,,,,,,
10701,,Rolex,Unworn,126234,WHITE ROMAN,"DATE JUST 36MM WHITE ROMAN JUBILEE
","$13,500.00",Full Links,With Card,126234,QS6XXXX,With Box,In stock,watch and card,,,,,,,,,,,,,,,,,,,,,
10787,,Rolex,Unworn,126234,BLUE STICK,"DATE JUST 36MM BLUE STICK JUBILEE
","$13,750.00",Full Links,With Card,1-Jun-2026,16KXXXX,With Box,In stock,watch and card,,,,,,,,,,,,,,,,,,,,,
10984,,Rolex,Unworn,126234,SILVER STICK,DATE JUST 36MM SILVER STICK JUBILEE,"$13,500.00",Full Links,With Card,2-May-2026,731XXXXX,With Box,In stock,watch and card,,,,,,,,,,,,,,,,,,,,,
10788,,Rolex,Unworn,126331,CHOCO STICK,DATEJUST 41MM SS RG CHOCO STICK OYSTER,"$17,900.00",Full Links,With Card,15-May-2026,22HXXXXX,With Box,In stock,watch and card,,,,,,,,,,,,,,,,,,,,,
8592,,Rolex,Unworn,126333,BLACK STICK,DATEJUST SS YG BZ BLACK STICK OYSTER,"$17,250.00",Full Links,With Card,2-Sep-2025,74RXXXX,With Box,In stock,watch and card,,,,,,,,,,,,,,,,,,,,,
9926,,Rolex,Unworn,126334,RHODIUM STICK,DATEJUST 41MM SS WG BZ RHODIUM STICK OYSTER,"$14,500.00",Full Links,"With Card, White Tag",28-Jan-2026,3K4XXXX,With Box,In stock,watch and card,- card and white tag,,,,,,,,,,,,,,,,,,,,
9927,,Rolex,Unworn,126334,RHODIUM STICK,DATEJUST 41MM SS WG BZ RHODIUM STICK JUBILEE,"$15,700.00",Full Links,With Card,18-Dec-2025,A45XXXX,With Box,In stock,watch and card,,,,,,,,,,,,,,,,,,,,,
9937,,Rolex,Unworn,126334,WIMBLEDON ROMAN,DATEJUST II SS WG WIMBLEDON ROMAN OYSTER,"$15,000.00",Full Links,With Card,V,93LXXXX,With Box,In stock,watch and card,,,,,,,,,,,,,,,,,,,,,
11191,,Rolex,Unworn,126334,WIMBLEDON ROMAN,DATEJUST 41MM WIMBLEDON ROMAN JUBILEE,"$16,900.00",Full Links,With Card,18/08/2026,53DXXXXX,With Box,In stock,watch and card,,,,,,,,,,,,,,,,,,,,,
10855,,Rolex,Unworn,126334,WIMBLEDON ROMAN,DATEJUST II SS WG WIMBLEDON ROMAN JUBILEE,"$17,200.00",Full Links,With Card,26-Jun-2026,P1SXXXX,With Box,Sold,watch and card,,,,,,,,,,,,,,,,,,,,,
10593,,Rolex,Unworn,126334,BLUE STICK,"DATEJUST II SS
BLUE STICK OYSTER","$15,000.00",Full Links,With Card,12-Apr-2026,0Y1XXXXX,With Box,In stock,watch and card,,,,,,,,,,,,,,,,,,,,,
10364,,Rolex,Unworn,126334,GREEN STICK,DATEJUST 41MM SS WG GREEN STICK JUBILEE,"$17,600.00",Full Links,With Card,17-Apr-2026,59SXXXX,With Box,In stock,watch and card,,,,,,,,,,,,,,,,,,,,,
10365,,Rolex,Unworn,126334,GREEN STICK,DATEJUST 41MM SS WG GREEN STICK JUBILEE,"$17,600.00",Full Links,With Card,17-Apr-2026,A91XXXX,With Box,In stock,watch and card,,,,,,,,,,,,,,,,,,,,,
11069,,Rolex,Unworn,126334,WHITE STICK,"DATEJUST 41MM
SS WG BZ WHITE STICK JUBILEE","$15,600.00",Full Links,With Card,25-Jul-2026,374XXXXX,With Box,In stock,watch and card,,,,,,,,,,,,,,,,,,,,,
11198E,,Rolex,Unworn,126334,WHITE STICK,"DATEJUST 41MM
SS WG BZ WHITE STICK JUBILEE","$13,900.00",Full Links,With Card,9-Apr-2018,48PXXXXX,With Box,In stock,watch and card,"NEW OLD STOCK, With original ROLEX STICKER",,,,,,,,,,,,,,,,,,,,
11071,,Rolex,Unworn,126334,GREEN STICK,DATEJEST 41MM GREEN STICK OYSTER,"$15,850.00",Full Links,"With Card, White Tag",25-Jun-2026,072XXXXX,With Box,In stock,watch and card,with card and white tag,,,,,,,,,,,,,,,,,,,,
11190,,Rolex,Unworn,126334,BLUE STICK,"DATEJUST 41MM
BLUE STICK JUBILEE","$16,500.00",Full Links,"With Card, White Tag",29-Jul-2026,481XXXXX,With Box,In stock,watch and card,with card and white tag,,,,,,,,,,,,,,,,,,,,
11218,,Rolex,Unworn,126334,BLACK STICK,DATEJUST 41MM BLACK STICK OYSTER-,,Full Links,With Card,24-Aug-2026,R74XXXX,With Box,In stock,watch and card,,,,,,,,,,,,,,,,,,,,,
11192,,Rolex,Unworn,126500,WHITE ,"COSMOGRAPH
DAYTONA SS WHITE OYSTER","$36,500.00",Full Links,With Card,14-Aug-2026,7L2XXXXX,With Box,In stock,watch and card,,,,,,,,,,,,,,,,,,,,,
10734,,Rolex,Unworn,126506,ICE BLUE,"COSMOGRAPH
DAYTONA PLAT ICE BLUE CHESNUT
BROWN BZ OYSTER","$118,800.00",Full Links ,With Card,4-Feb-2026,DE6XXXXX,With Box,Sold,watch and card,,,,,,,,,,,,,,,,,,,,,
10893,,Rolex,Unworn,126508,GREEN,COSMOGRAPH DAYTONA YG BRIGHT GREEN AND GOLDEN OYSTER ,"$86,500.00",Full Links,"With Card, White Tag",11-Jul-2026,988XXXXX,With Box,In stock,watch and card,with card and white tag,,,,,,,,,,,,,,,,,,,,
10993,,Rolex,Unworn,126508,GREEN,COSMOGRAPH DAYTONA YG GREEN DIAL OYSTER,"$85,000.00",7 screws,With Card,9-Oct-2025,D74XXXX,With Box,In stock,more photos,new with protective stickers ,,,,,,,,,,,,,,,,,,,,
10897,,Rolex,Unworn,126610LN,BLACK,SUBMARINER SS DATE BLACK BLACK OYSTER,"$15,700.00",Full Links,With Card,15-Jun-2026,Y62XXXX,With Box,In stock,watch and card,,,,,,,,,,,,,,,,,,,,,
10899,,Rolex,Unworn,126610LN,BLACK,SUBMARINER SS DATE BLACK BLACK OYSTER,"$15,700.00",Full Links,With Card,18-Jun-2026,25PXXXX,With Box,In stock,watch and card,,,,,,,,,,,,,,,,,,,,,
10985,,Rolex,Unworn,126613LB,BLUE,SUBMARINER SS YG DATE BLUE DIAL BLUE BEZEL OYSTER,"$21,000.00",Full Links,With Card,27-Jun-2026,3D9XXXXX,With Box,In stock,watch and card,,,,,,,,,,,,,,,,,,,,,
11068,,Rolex,Unworn,126622,SLATE,"YATCH-MASTER 40
SS PLAT SLATE DIAL OYSTER","$16,500.00",Full Links,With Card,17-Jul-2026,22RXXXXX,With Box,In stock,watch and card,,,,,,,,,,,,,,,,,,,,,
10789,,Rolex,Unworn,126710GRNR,BLACK,GMT II SS 40MM BRUCE WAYNE OYSTER,"$19,500.00",Full Links,With Card,19-May-2026,755XXXX,With Box,Sold,watch and card,,,,,,,,,,,,,,,,,,,,,
11189,,Rolex,Unworn,126710GRNR,BLACK,GMT II SS 40MM BRUCE WAYNE OYSTER,"$19,900.00",Full Links,"With Card, Green Tag",24-Jul-2026,7T9XXXX,With Box,In stock,watch and card,with new wood card and new wood green tag,,,,,,,,,,,,,,,,,,,,
11221,,Rolex,Unworn,126710GRNR,BLACK,GMT II SS 40MM BRUCE WAYNE OYSTER,,Full Links,With Card,27-Jun-2026,634XXXX,With Box,In stock,,,,,,,,,,,,,,,,,,,,,,
10366,,Rolex,Unworn,134300,BLACK,OYSTER PERPETUAL 41 MM SS BLACK STICK,"$10,000.00",Full Links,With Card,28-Apr-2026,613XXXX,With Box,In stock,watch and card,,,,,,,,,,,,,,,,,,,,,
11080,,Rolex,Unworn,134300,MULTICOLORED MOTIF,OYSTER PERPETUAL 41 MM SS MULTI COLORED JUBILEE MOTIF OYSTER,"$22,700.00",Full Links,"With Card, Green Tag",13-Jul-2026,U6PXXXX,With Box,Sold,watch and card,"Wooden Card, Green Tag, extra link",,,,,,,,,,,,,,,,,,,,
11219,,Rolex,Unworn,134300,BLUE STICK,"OYSTER
PERPETUAL 41 MM SS BLUE STICK
OYSTER",,Full Links,With Card,20-Aug-2026,449XXXX,With Box,In stock,,Wooden Card,,,,,,,,,,,,,,,,,,,,
11186,,Rolex,Unworn,226570,WHITE,"EXPLORER II
WHITE DIAL OYSTER","$13,200.00",Full Links,"With Card, White Tag",27-Jun-2026,E3AXXXX,With Box,In stock,watch and card,with new wood card,,,,,,,,,,,,,,,,,,,,
10668,,Rolex,Unworn,226658,BLACK,YATCH-MASTER 42MM BLACK YG OYSTERFLEX ,"$36,000.00",Rubber Strap,With Card,2/112026,C67XXXXX,With Box,Sold,watch and card,,,,,,,,,,,,,,,,,,,,,
10161,,Rolex,Unworn,228235,SLATE OMBRE,DAY-DATE RG SLATE OMBRE ROMAN PRESIDENT,"$63,000.00",Full Links,"With Card, White Tag",21-Mar-2026,W28XXXX,With Box,Sold,watch and card,card and white tag,,,,,,,,,,,,,,,,,,,,
10591,,Rolex,Unworn,228235,OLIVE GREEN ROMAN,"DAY-DATE 40MM
RG  OLIVE GREEN ROMAN PRESIDENT","$60,000.00",Full Links,With Card,1-May-2026,5YZXXXXX,With Box,In stock,watch and card,,,,,,,,,,,,,,,,,,,,,
10742,,Rolex,Unworn,228235,OLIVE GREEN ROMAN,"DAY-DATE 40MM
RG OLIVE GREEN ROMAN PRESIDENT","$61,000.00",Full Links,"With Card, White Tag",15-Jun-2026,U7HXXXXX,With Box,Sold,watch and card,With card and white tag,,,,,,,,,,,,,,,,,,,,
10610,,Rolex,Unworn,228238,CHAMPAGNE STICK,"DAY-DATE YG
CHAMPAGNE STICK PRESIDENT","$55,500.00",Full Links,"With Card, White Tag",29-May-2026,6E4XXXXX,With Box,In stock,watch and card,- with card and white tag,,,,,,,,,,,,,,,,,,,,
11016,,Rolex,Unworn,228238,SILVER ,DAY-DATE 40MM SILVER YG ROMAN PRESIDENT,"$44,500.00",11 screws,With Card,13-Nov-2018,620XXXXX,No Box Included / Box (additional $350),In stock,more photos,"New Old Stock, with original Rolex stickers",,,,,,,,,,,,,,,,,,,,
10565,,Rolex,Unworn,278273,OLIVE GREEN ROMAN,DATEJUST 31MM SS YG OLIVE GREEN ROMAN DIAL DIAMOND - SET VI @ 6 o'clock JUBILEE,"$19,500.00",Full Links,With Card,1-May-2026,370XXXXX,With Box,Sold,watch and card,,,,,,,,,,,,,,,,,,,,,
10918,,Rolex,Unworn,278273,CHAMPAGNE DIAMOND,"MID SS YG CHAMPAGNE
DIAMOND JUBILEE","$19,500.00",Full Links,With Card,1-Apr-2026,0N7XXXXX,With Box,In stock,watch and card,,,,,,,,,,,,,,,,,,,,,
11070,,Rolex,Unworn,278273,CHAMPAGNE STICK,MID SS YG CHAMPAGNE STICK JUBILEE,"$16,850.00",Full Links,"With Card, White Tag",52526,UX9XXXXX,With Box,In stock,watch and card,with card and white tag,,,,,,,,,,,,,,,,,,,,
10900,,Rolex,Unworn,278274,GREEN STICK,DATEJUST 31MM SS WG GREEN STICK DIAL JUBILEE ,"$13,600.00",Full Links,With Card,14-Jul-2026,66RXXXXX,With Box,In stock,watch and card, ,,,,,,,,,,,,,,,,,,,,
9928,,Rolex,Unworn,279173,WHITE ROMAN,DATEJUST SS YG 28MM WHITE ROMAN JUBILEE,"$16,000.00",Full Links,With Card,23-Jan-2026,597XXXX,With Box,In stock,watch and card,,,,,,,,,,,,,,,,,,,,,
10825,,Rolex,Unworn,279173,CHAMPAGNE DIAMOND,"28 MM LADY TWO
TONE SS YG CHAMPAGNE
DIAMOND JUBILEE - 158D01G9","$17,500.00",Full Links,With Card,29-Apr-2026,158XXXX,With Box,Sold,watch and card,,,,,,,,,,,,,,,,,,,,,
11187,,Rolex,Unworn,279173,CHAMPAGNE DIAMOND,"DATEJUST SS YG
28MM CHAMPAGNE DIAMOND
JUBILEE","$17,500.00",Full Links,With Card,14-Jun-2026,967XXXXX,With Box,In stock,watch and card,,,,,,,,,,,,,,,,,,,,,
10857,,Rolex,Unworn,279174,MOP DIAMOND,28 MM LADY SS WG MOTHER OF PEARL DIAMOND JUBILEE,"$15,500.00",Full Links,With Card,28-Jun-2026,S84XXXX,With Box,In stock,watch and card,,,,,,,,,,,,,,,,,,,,,
9539,,Rolex,Unworn,336934,GREEN,SKY DWELLER GREEN OYSTER,"$24,500.00",Full Links,With Card,29-Nov-2025,80XXXXXX,With Box,Sold,watch and card,,,,,,,,,,,,,,,,,,,,,
10895,,Rolex,Unworn,336934,GREEN,SKY DWELLER GREEN OYSTER,"$24,500.00",Full Links,With Card,25-Jun-2026,2S9XXXXX,With Box,In stock,watch and card,,,,,,,,,,,,,,,,,,,,,
11030,,Rolex,Unworn,336934,GREEN,SKY DWELLER GREEN OYSTER,"$24,750.00",Full Links,"With Card, White Tag",25-Jul-2026,Y61XXXXX,With Box,In stock,watch and card,with card and white tag,,,,,,,,,,,,,,,,,,,,
11188,,Rolex,Unworn,336934,GREEN,SKY DWELLER GREEN JUBILEE,"$26,900.00",Full Links,With Card,3-Aug-2026,U68XXXXX,With Box,In stock,watch and card,,,,,,,,,,,,,,,,,,,,,
10903,,Rolex,Unworn,336934,BLUE,SKY-DWELLER BLUE JUBILEE ,"$25,900.00",Full Links,"With Card, White Tag",10-Jul-2026,915XXXX,With Box,In stock,watch and card,With card and white tag,,,,,,,,,,,,,,,,,,,,
10919,,Rolex,Unworn,336934,BLUE,SKY-DWELLER BLUE JUBILEE ,"$26,000.00",Full Links,With Card,4-Jul-2026,4QFXXXX,With Box,Sold,watch and card,new style card ,,,,,,,,,,,,,,,,,,,,
9895U,,Rolex,Preowned,6827,CHAMPAGNE STICK,"DATEJUST 31MM SS YG CHAMPGNE STICK JUBILEE

","$6,200.00",3 screws,With Paper,1-Jul-1982,623XXXX,No Box Included / Box (additional $350),In stock,more photos,,,,,,,,,,,,,,,,,,,,,
9504U,,Rolex,Preowned,14060,BLACK,SUBMARINER SS NO DATE,"$7,950.00",3 screws,No Paper / Card,,S21XXXX,No Box Included / Box (additional $350),In stock,more photos,,,,,,,,,,,,,,,,,,,,,
9915U,,Rolex,Preowned,16233,CHAMPAGNE TAPESTRY STICK,DATEJUST 36MM SS YG CHAMPAGNE TAPESTRY STICK JUBILEE,"$7,150.00",3 screws,With Paper,19-Jul-2001,T99XXXX,No Box Included / Box (additional $350),In stock,more photos,,,,,,,,,,,,,,,,,,,,,
9916U,,Rolex,Preowned,16233,CHAMPAGNE STICK,DATEJUST 36MM SS YG CHAMPAGNE STICK JUBILEE,"$7,700.00",5 screws,With Paper,2-Aug-2003,P74XXXX,No Box Included / Box (additional $350),In stock,more photos,,,,,,,,,,,,,,,,,,,,,
9905U,,Rolex,Preowned,16233,BLACK DIAMOND,DATEJUST 36MM SS YG BLACK DIAMOND JUBILEE,"$7,350.00",6 screws,With Paper,9-Jun-1990,L93XXXX,No Box Included / Box (additional $350),On Hold,more photos,,,,,,,,,,,,,,,,,,,,,
10492U,,Rolex,Preowned,16528,WHITE,DAYTONA ZENITH YG WHITE DIAL OYSTER,"$36,000.00",2 screws,No Paper / Card,,W87XXXX,No Box Included / Box (additional $350),In stock,more photos,,,,,,,,,,,,,,,,,,,,,
9952U,,Rolex,Preowned,16600,BLACK,SEA-DWELLER SS BLACK OYSTER,"$7,400.00",4 screws,No Paper / Card,,T25XXXX,No Box Included / Box (additional $350),In stock,more photos,,,,,,,,,,,,,,,,,,,,,
10688U,,Rolex,Preowned,16610,BLACK,SUBMARINER SS DATE BLACK BLACK OYSTER,"$9,000.00",4 screws,No Paper / Card,,M09XXXXX,No Box Included / Box (additional $350),In stock,more photos,Retail ready,,,,,,,,,,,,,,,,,,,,
11210U,,Rolex,Preowned,16610,BLACK ,SUBMARINER SS DATE BLACK DIAL BLACK BEZEL OYSTER,"$9,000.00",6 screws,With Paper,,L32XXXX,With Box,In stock,more photos,,,,,,,,,,,,,,,,,,,,,
10303U,,Rolex,Preowned,16613,BLUE,SUBMARINER SS YG DATE BLUE OYSTER,"$11,500.00",4 screws,"No Paper / Card, With Service Card",,K95XXXX,No Box Included / Box (additional $350),In stock,more photos,gold through clasp - service card - still under warranty ,,,,,,,,,,,,,,,,,,,,
11003U,,Rolex,Preowned,16758,CHOCO,GMT MASTER  YG 18K CHOCOLATE JUBILEE,"$40,000.00",,No Paper / Card,,534XXXX,With Box,In stock,more photos,all original - nipple dial ,,,,,,,,,,,,,,,,,,,,
9921U,,Rolex,Preowned,18038,CHAMPAGNE STICK,DAY-DATE 36MM YG CHAMPAGNE STICK DIA BZ PRESIDENT,"$17,500.00",5 screws,No Paper / Card,,D74XXXX,No Box Included / Box (additional $350),In stock,more photos,,,,,,,,,,,,,,,,,,,,,
10385U,,Rolex,Preowned,18038,CHAMPAGNE STICK,DAY-DATE YG CHAMPAGNE STICK PRESIDENT,"$16,500.00",5 screws ,No Paper / Card,,R55XXXX,No Box Included / Box (additional $350),In stock,more photos,,,,,,,,,,,,,,,,,,,,,
10628U,,Rolex,Preowned,18038,CHAMPAGNE STICK,DAY-DATE YG CHAMPAGNE STICK PRESIDENT,"$16,500.00",3 scdrews ,No Paper / Card,,943XXXX,No Box Included / Box (additional $350),In stock,more photos,retail ready,,,,,,,,,,,,,,,,,,,,
9892U,,Rolex,Preowned,18238,CHAMPAGNE JUBILEE DIAMOND,DAYDATE 36MM YG CHAMPAGNE JUBILEE DIAMOND PRESIDENT,"$19,200.00",4 screws,No Paper / Card,,E19XXXX,No Box Included / Box (additional $350),On Hold,more photos,,,,,,,,,,,,,,,,,,,,,
9891U,,Rolex,Preowned,18238,CHAMPAGNE DIAMOND,DAYDATE 36MM YG CHAMPGANE DIAMOND PRESIDENT,"$20,000.00",5 screws,With Paper,28-Mar-1988,R87XXXX,No Box Included / Box (additional $350),In stock,more photos,,,,,,,,,,,,,,,,,,,,,
10887U,,Rolex,Preowned,18238,WHITE ROMAN,DAYDATE 36MM YG WHITE ROMAN PRESIDENT,"$18,300.00",6 screws,With Service Paper,,S72XXXX,No Box Included / Box (additional $350),In stock,more photos,Retail Ready,,,,,,,,,,,,,,,,,,,,
10931UE,,Rolex,Preowned,18238,CHAMPAGNE STICK,DAY DATE 36MM YG CHAMPAGNE STICK PRESIDENT,"$18,000.00",5 screws,With Paper,,R86XXXX,No Box Included / Box (additional $350),Sold,more photos,with box,,,,,,,,,,,,,,,,,,,,
9605U,,Rolex,Preowned,18338,CHAMPAGNE STICK,DAY-DATE YG 36 MM CHAMPAGNE PRESIDENT,"$20,700.00",5 screws,No Paper / Card,,N24XXXX,No Box Included / Box (additional $350),In stock,more photos,factory diamond lugs,,,,,,,,,,,,,,,,,,,,
9903U,,Rolex,Preowned,68273,CHAMPAGNE STICK,DATEJUST 31MM SS YG CHAMPAGNE STICK JUBILEE,"$7,300.00",4 screws,With Paper,11-Jul-1992,N33XXXX,No Box Included / Box (additional $350),In stock,more photos,,,,,,,,,,,,,,,,,,,,,
11066U,,Rolex,Preowned,68273,HOUNDSTOOTH,DATEJUST 31MM SS YG HOUNDSTOOTH STICK JUBILEE,"$7,800.00",4 screws,No Paper / Card,,S76XXXX,No Box Included / Box (additional $350),In stock,more photos,,,,,,,,,,,,,,,,,,,,,
10185U,,Rolex,Preowned,116231,SUNDUST PINK DIAMOND,DATEJUST  I SS RG PINK DIAMOND JUBILEE,"$11,000.00",7 screws,With Card,30-Dec-2012,79TXXXX,No Box Included / Box (additional $350),In stock,more photos,RETAIL READY,,,,,,,,,,,,,,,,,,,,
8797UE,,Rolex,Preowned,116233,MOTHER OF PEARL ROMAN,"DATEJUST SS YG DIAMONDBZ 
MOTHER OF PEARL ROMAN JUBILEE
","$11,500.00",5 screws,With Card,18-Jan-2006,D13XXXX,No Box Included / Box (additional $350),In stock,more photos,,,,,,,,,,,,,,,,,,,,,
9458U,,Rolex,Preowned,116233,MOTHER OF PEARL ROMAN,"DATEJUST SS YG DIAMONDBZ 
MOTHER OF PEARL ROMAN JUBILEE
","$13,000.00",9 screws,With Card,3-May-2016,WA2XXXX,No Box Included / Box (additional $350),In stock,more photos,RETAIL READY,,,,,,,,,,,,,,,,,,,,
11160U,,Rolex,Preowned,116233,MOTHER OF PEARL DIAMOND,DATEJUST SS YG 36MM MOP DIAL DIAMOND BEZEL JUBILEE,"$13,500.00",6 screws,No Paper / Card,,V40XXXX,No Box Included / Box (additional $350),In stock,more photos,,,,,,,,,,,,,,,,,,,,,
8798UE,,Rolex,Preowned,116244,SILVER DIAMOND,DATEJUST SS DIAMOND BZ SILVER DIAMOND JUBILEE,"$12,950.00",9 screws,With Card,7-Jul-2016,558XXXX,No Box Included / Box (additional $350),In stock,more photos,,,,,,,,,,,,,,,,,,,,,
10651U,,Rolex,Preowned,116400,BLACK ,"MILGAUSS SS
40MM BLACK DIAL OYSTER","$9,900.00",6 screws,"With Card, With Service Card",9-Jan-2009,M21XXXX,No Box Included / Box (additional $350),In stock,more photos,serviced retail ready ,,,,,,,,,,,,,,,,,,,,
10921U,,Rolex,Preowned,116500,BLACK,DAYTONA SS BLACK DIAL OYSTER,"$25,800.00",6 screws,With Card,22-Dec-2020,K55XXXXX,No Box Included / Box (additional $350),Sold,more photos,,,,,,,,,,,,,,,,,,,,,
10901U,,Rolex,Preowned,116515LN,CHOCOLATE,DAYTONA RG CHOCOLATE DIAL OYSTERFLEX ,"$38,000.00",OYSTERFLEX,"With Card, White Tag",25-May-2019,7C9XXXX,No Box Included / Box (additional $350),Sold,more photos,RETAIL READY,,,,,,,,,,,,,,,,,,,,
11185U,,Rolex,Preowned,116515LN,BLACK ,DAYTONA RG BLACKDIAL OYSTERFLEX ,"$40,500.00",OYSTERFLEX,"With Card, White Tag",20-Nov-2020,720XXXX,No Box Included / Box (additional $350),In stock,more photos,with card and white tag,,,,,,,,,,,,,,,,,,,,
4564EB,,Rolex,Preowned,116520,WHITE,DAYTONA SS WHITE OYSTER,"$23,900.00",7 screws,No Paper / Card,,scrambled,No Box Included / Box (additional $350),In stock,more photos,"  retail ready
  blue lume
  new buckle",,,,,,,,,,,,,,,,,,,,
11024U,,Rolex,Preowned,116520,BLACK,COSMOGRAPH DAYTONA SS BLACK OYSTER,"$18,500.00",5 screws,No Paper / Card,,K44XXXX,No Box Included / Box (additional $350),In stock,more photos,,,,,,,,,,,,,,,,,,,,,
10437U,,Rolex,Preowned,116528,BLACK DIAMOND,DAYTONA YG BLACK DIAMOND OYSTER,"$42,000.00",5 screws,"With Paper, Green Tag",25-Jun-2005,Y84XXXX,With Box,In stock,more photos,"with box, red tag, booklets",,,,,,,,,,,,,,,,,,,,
10858U,,Rolex,Preowned,116900,BLACK,ROLEX - 116900 - AIR-KING 40 MM SS BLACK OYSTER,"$7,350.00",8 screws,With Card,12-Jun-2018,2K9XXXX,No Box Included / Box (additional $350),In stock,more photos,,,,,,,,,,,,,,,,,,,,,
10960U,,Rolex,Preowned,116610LN,BLACK,SUBMARINER SS DATE BLACK OYSTER,"$11,850.00",9 screws,With Card,20-May-2015,2E0XXXXX,No Box Included / Box (additional $350),In stock,more photos,RETAIL READY,,,,,,,,,,,,,,,,,,,,
8920U,,Rolex,Preowned,116613,BLUE,SUBMARINER SS YG DATE BLUE BLUE OYSTER,"$14,000.00",7 screws,With Card,31-Mar-2011,V96XXXX,No Box Included / Box (additional $350),In stock,more photos,,,,,,,,,,,,,,,,,,,,,
11182U,,Rolex,Preowned,116613,BLUE,SUBMARINER SS YG DATE BLUE BLUE OYSTER,"$13,000.00",4 screws,No Paper / Card,,667XXXXX,No Box Included / Box (additional $350),In stock,more photos,,,,,,,,,,,,,,,,,,,,,
10875U,,Rolex,Preowned,116618,BLUE,SUBMARINER YG BLUE BEZEL BLUE DIAL OYSTER,"$35,000.00",9 screws,With Card,21-Apr-2017,80JXXXX,No Box Included / Box (additional $350),In stock,more photos,,,,,,,,,,,,,,,,,,,,,
9022UE,,Rolex,Preowned,116622,BLUE,YATCH-MASTER 40MM SS BLUE,"$11,700.00",7 screws,With Card,13-Sep-2014,12DXXXX,No Box Included / Box (additional $350),In stock,more photos,,,,,,,,,,,,,,,,,,,,,
10537U,,Rolex,Preowned,116710LN,BLACK,"GMT II
SS BLACK OYSTER ","$12,300.00",5 screws,With Card,1-Dec-2016,982XXXXX,No Box Included / Box (additional $350),In stock,more photos,,,,,,,,,,,,,,,,,,,,,
AVAILABLE,,Rolex,Preowned,116758SANR,BLACK,GMT - MASTER II 18K YG 40MM BLACK DIAL WITH DIAMOND AND BLACK SAPPHIRES BEZEL OYSTER,"$89,000.00",6 screws,"With Card, White Tag",8-Jun-2026,0U6XXXXX,With Box,In stock,more photos,"with card and white tag , 2 extra links",,,,,,,,,,,,,,,,,,,,
10512U,,Rolex,Preowned,118135,CHOCOLATE STICK,DAY-DATE 36 18KT RG CHOCOLATE DIAL ON CROCODILE STRAP,"$23,000.00",Leather Strap,"With Card, White Tag",19-Dec-2020,09FXXXX,No Box Included / Box (additional $350),In stock,more photos,with white tag sticker,,,,,,,,,,,,,,,,,,,,
11166U,,Rolex,Preowned,118238,CHAMPAGNE DIAMOND,"118238 - DAY DATE 36MM
YG CHAMPAGNE DIAMOND DIAL
PRESIDENT","$26,000.00",,No Paper / Card,,G66XXXX,No Box Included / Box (additional $350),Sold,more photos,RETAIL READY ,,,,,,,,,,,,,,,,,,,,
10025U,,Rolex,Preowned,126233,CHAMPAGNE DIAMOND,DATEJUST SS YG CHAMPAGNE DIAMOND JUBILEE,"$16,000.00",5 screws,With Card,19-Jun-2024,JH0XXXX,No Box Included / Box (additional $350),In stock,more photos,,,,,,,,,,,,,,,,,,,,,
10302U,,Rolex,Preowned,126281RBR,MOTHER OF PEARL DIAMOND,DATEJUST 36MM RG SS MOP DIA BZ OYSTER,"$21,000.00",5 screws,With Card,3-Oct-2018,4K4XXXX,No Box Included / Box (additional $350),In stock,more photos,,,,,,,,,,,,,,,,,,,,,
10567UE,,Rolex,Preowned,126281RBR,MOTHER OF PEARL DIAMOND,DATEJUST 36MM RG SS MOP DIA BZ OYSTER,"$19,700.00",4 screws,No Paper / Card,,R76XXXXX,No Box Included / Box (additional $350),In stock,more photos,,,,,,,,,,,,,,,,,,,,,
10973U,,Rolex,Preowned,126300,BLUE ROMAN,DATEJUST II SS BLUE ROMAN OYSTER,"$8,200.00",7 screws,No Paper / Card,,OLAXXXXX,No Box Included / Box (additional $350),In stock,more photos,,,,,,,,,,,,,,,,,,,,,
10406U,,Rolex,Preowned,126331,WIMBLEDON ROMAN,"DATEJUST II SS RG
BZ WIMBLEDON ROMAN JUBILEE ","$16,500.00",11 screws,With Card,29-Oct-2019,608XXXX,No Box Included / Box (additional $350),In stock,more photos,,,,,,,,,,,,,,,,,,,,,
11223U,,Rolex,Preowned,126331,CHOCOLATE STICK,"DATEJUST II SS RG
BZ WIMBLEDON ROMAN JUBILEE ",,,"With Card, White Tag",24-Aug-2017,V00XXXX,With Box,In stock,more photos,with card and white tag,,,,,,,,,,,,,,,,,,,,
8129U,,Rolex,Preowned,126333,CHAMPAGNE DIAMOND,DATEJUST SS YG BZ CHAMPAGNE DIAMOND OYSTER,"$13,950.00",9 screws,No Paper / Card,,Q1PXXXX,No Box Included / Box (additional $350),In stock,more photos,retail ready ,,,,,,,,,,,,,,,,,,,,
10826U,,Rolex,Preowned,126333,CHAMPAGNE DIAMOND,DATEJUST TWO TONE SS YG CHAMPAGNE DIA YG BEZEL JUBILEE ,"$15,800.00",7 screws,With Card,17-Nov-2016,6DQXXXX,No Box Included / Box (additional $350),In stock,more photos,with card and extra links,,,,,,,,,,,,,,,,,,,,
11027U,,Rolex,Preowned,126333,WIMBLEDON ROMAN,DATEJUST TWO TONE SS YG  WIMBLEDON ROMAN JUBILEE,"$17,000.00",11 screws,"With Card, White Tag",13-Apr-2024,939XXXXX,No Box Included / Box (additional $350),In stock,more photos,with card and white tag,,,,,,,,,,,,,,,,,,,,
8739U,,Rolex,Preowned,126334,SILVER STICK,DATEJUST II SS WG SILVER STICK JUBILEE ,"$13,000.00",11 screws,"With Card, White Tag",28-Aug-2018,HS6XXXXX,No Box Included / Box (additional $350),In stock,more photos,With card and white tag,,,,,,,,,,,,,,,,,,,,
9602U,,Rolex,Preowned,126334,BLUE DIAMONDS,DATEJUST SS WG BLUE DIAMOND JUBILEE,"$15,300.00",11 screws,With Card,28-Aug-2024,89EXXXXX,No Box Included / Box (additional $350),In stock,more photos,slider unpolished - super mint ,,,,,,,,,,,,,,,,,,,,
10713U,,Rolex,Preowned,126334,BLUE STICK,DATEJUST 41MM BLUE STICK OYSTER,"$12,500.00",6 screws,With Card,23-Sep-2021,U1NXXXXX,No Box Included / Box (additional $350),In stock,more photos, ,,,,,,,,,,,,,,,,,,,,
10986U,,Rolex,Preowned,126334,BLUE STICK,DATEJUST 41MM BLUE STICK JUBILEE,"$15,400.00",11 screws,"With Card, White Tag",10-Jul-2025,574XXXXX,No Box Included / Box (additional $350),In stock,more photos,with card and white tag RETAIL READY,,,,,,,,,,,,,,,,,,,,
10741U,,Rolex,Preowned,126613LB,BLUE,SUBMARINER SS YG DATE BLUE DIAL BLUE BEZEL OYSTER,"$17,000.00",6 screws,With Card,18-Oct-2021,751XXXXX,No Box Included / Box (additional $350),In stock,more photos,,,,,,,,,,,,,,,,,,,,,
11026U,,Rolex,Preowned,126613LB,BLUE,SUBMARINER SS YG DATE BLUE DIAL BLUE BEZEL OYSTER,"$17,000.00",7 screws,"With Card, White Tag",3-Sep-2021,27QXXXXX,No Box Included / Box (additional $350),In stock,more photos,with card and white tag RETAIL READY,,,,,,,,,,,,,,,,,,,,
10859U,,Rolex,Preowned,126655,BLACK,YATCHMASTER 40MM RG BLACK OYSTERFLEX,"$34,500.00",OYSTERFLEX,With Card,4-Apr-2026,58DXXXX,No Box Included / Box (additional $350),Sold,more photos,slider condition,,,,,,,,,,,,,,,,,,,,
10618U,,Rolex,Preowned,126710BLNR,BLACK,GMT MASTER II SS BATMAN OYSTER,"$16,000.00",7 screws,With Card,31-May-2024,46RXXXXX,No Box Included / Box (additional $350),In stock,more photos,,,,,,,,,,,,,,,,,,,,,
10778U,,Rolex,Preowned,126710BLNR,BLACK,GMT MASTER II SS BATGIRL JUBILEE,"$17,750.00",5 screws,"With Card, White Tag",7-Jan-2024,292XXXXX,No Box Included / Box (additional $350),In stock,more photos,4 extra links,,,,,,,,,,,,,,,,,,,,
11007U,,Rolex,Preowned,178273,MOP DIAMOND,DATEJUST 31MM MOP DIAMOND DIAL ON JUBILEE,"$14,500.00",4 screws,No Paper / Card,,75SXXXXX,No Box Included / Box (additional $350),In stock,more photos, ,,,,,,,,,,,,,,,,,,,,
11224UE,,Rolex,Preowned,178274,PINK ROMAN,"MID SS WG BZ
PINK ROMAN OYSTER",,4 screws,No Paper / Card,,RG9XXXX,With Box,In stock,more photos,,,,,,,,,,,,,,,,,,,,,
10165UE,,Rolex,Preowned,178313,WHITE ROMAN,DATEJUST MID-SIZE 31MM DIA BZ TWO TONE SS YG WHITE ROMAN JUBILEE ,"$12,800.00",6 screws,No Paper / Card,,K38XXXX,No Box Included / Box (additional $350),In stock,more photos,,,,,,,,,,,,,,,,,,,,,
10039U,,Rolex,Preowned,178383,MOTHER OF PEARL ROMAN ,MID SS YG MOP ROMAN DIAMOND BEZEL OYSTER,"$15,900.00",5 screws,"With Card, Green Tag",23-Apr-2016,155XXXX,No Box Included / Box (additional $350),In stock,more photos,with card and green tag,,,,,,,,,,,,,,,,,,,,
10634U,,Rolex,Preowned,218238,BLACK WAVE,DAY-DATE 41MM YG BLACK WAVE DIAL PRESIDENT ,"$36,500.00",7 screws,With Card,8-May-2015,97SXXXXX,No Box Included / Box (additional $350),In stock,more photos,retail ready ,,,,,,,,,,,,,,,,,,,,
11149U,,Rolex,Preowned,218238,WHITE ROMAN,DAY-DATE II YG WHITE DIAL ROMAN PRESIDENT,"$35,000.00",8 screws,No Paper / Card,,H09XXXXX,No Box Included / Box (additional $350),In stock,more photos,,,,,,,,,,,,,,,,,,,,,
10608U,,Rolex,Preowned,228235,GREEN ROMAN,"DAY-DATE 40MM
RG GREEN ROMAN PRESIDENT","$55,500.00",9 screws,With Card,6-Mar-2025,9M4XXXXX,No Box Included / Box (additional $350),Sold,more photos,,,,,,,,,,,,,,,,,,,,,
10980U,,Rolex,Preowned,228235,OLIVE GREEN ROMAN,DAYDATE RG OLIVE GREEN ROMAN PRESIDENT,"$51,500.00",11 screws,With Card,27-Jul-2018,V48XXXXX,No Box Included / Box (additional $350),In stock,more photos,,,,,,,,,,,,,,,,,,,,,
10759U,,Rolex,Preowned,228238,CHAMPAGNE,DAYDATE 40MM YG CHAMPAGNE ROMAN PRESIDENT,"$43,700.00",10 screws,With Card,29-Dec-2017,15XXXXX,No Box Included / Box (additional $350),In stock,more photos,,,,,,,,,,,,,,,,,,,,,
10930U,,Rolex,Preowned,228238,BLACK DIAMOND,DAYDATE 40MM YG BLACK DIAMOND PRESIDENT ,"$58,000.00",9 screws,"With Card, White Tag",6-Aug-2022,7D5XXXXX,No Box Included / Box (additional $350),In stock,more photos,"with card and white tag, retail ready",,,,,,,,,,,,,,,,,,,,
10924UE,,Rolex,Preowned,278273,OLIVE GREEN DIAMOND,MID SS YG OLIVE GREEN DIAMOND JUBILEE,"$18,500.00",5 screws,"With Card, White Tag",7-Nov-2020,KA8XXXXX,With Box,In stock,more photos,with card and white tag,,,,,,,,,,,,,,,,,,,,
10288UE,,Rolex,Preowned,278341RBR,STEEL PINK DIAMOND,DATEJUST 31MM SS RG STEEL PINK DIAMOND DIAL & BEZEL OYSTER,"$15,800.00",7 screws,"With Card, White Tag",2-Jul-2021,G52XXXX,No Box Included / Box (additional $350),In stock,more photos,With card and white tag,,,,,,,,,,,,,,,,,,,,
9900UE,,Rolex,Preowned,279173,WHITE ROMAN,28MM LADY DATEJUST -YG AND SS - WHITE ROMAN ON OYSTER BRACELET ,"$11,500.00",6 screws,"With Card, White Tag",1-Mar-2021,XN9XXXX,No Box Included / Box (additional $350),In stock,more photos,"- card and white tag
- retail ready",,,,,,,,,,,,,,,,,,,,
10689U,,Rolex,Preowned,336934,BLACK,SKY DWELLER SS BLACK OYSTER,"$18,500.00",7 screws,With Card,2-Sep-2024,061XXXX,No Box Included / Box (additional $350),In stock,more photos,,,,,,,,,,,,,,,,,,,,,
10562,,Tudor,Unworn,2543C1A7NU-0001,BLACK,PELAGOS ULTRA BLACK BRACELET,"$5,600.00",,"With Card, White Tag",6-May-2026,50MXXXX,With Box,In stock,watch and card,,,,,,,,,,,,,,,,,,,,,
10562,,Tudor,Unworn,2543C1A7NU-0001,BLACK,PELAGOS ULTRA BLACK BRACELET,"$5,600.00",,"With Card, White Tag",6-May-2026,50MXXXX,With Box,In stock,watch and card,,,,,,,,,,,,,,,,,,,,,